{
    "dataset": "cifar_10",
    "num_classes": 10,
    "input_size": [
        3,
        32,
        32
    ],
    "early_exits_gates": [
        3,
        5,
        7,
        9,
        11,
        13,
        15,
        17,
        19
    ],
    "confidence_func": "entropy",
    "model_name": "resnet50_bn_small_ee",
    "pretrained_cfg": {
        "transform": "config",
        "transform_config": {
            "img_size": [
                32,
                32
            ],
            "crop_pct": 1,
            "interpolation": "bilinear",
            "fixed_input_size": false,
            "mean": [
                0.4914,
                0.4822,
                0.4465
            ],
            "std": [
                0.2023,
                0.1994,
                0.201
            ]
        }
    },
    "multi_exit_threshold": [
        0.6649158698806752,
        1.01,
        0.7528915206320075,
        0.5497251764266671,
        0.35153193592837656,
        0.23956163436092123,
        0.45145770075755126,
        1.01
    ],
    "acc_process_alpha": 0.8,
    "best_possible_accuracy": 0.8606,
    "accuracy": {
        "gate_0": 0.3206000030040741,
        "gate_1": 0.4408000111579895,
        "gate_2": 0.603600025177002,
        "gate_3": 0.7563999891281128,
        "gate_4": 0.8417999744415283,
        "gate_5": 0.891700029373169,
        "gate_6": 0.9072999954223633,
        "gate_7": 0.9124000072479248,
        "gate_8": 0.9132999777793884
    },
    "confidence": {
        "gate_0": 0.20700041949748993,
        "gate_1": 0.38868626952171326,
        "gate_2": 0.5938426852226257,
        "gate_3": 0.7352978587150574,
        "gate_4": 0.826216995716095,
        "gate_5": 0.8931392431259155,
        "gate_6": 0.9092177748680115,
        "gate_7": 0.9162340760231018,
        "gate_8": 0.9196228384971619
    },
    "best_threshold": [
        0.57032263,
        0.7698907,
        0.8529816,
        0.8673227,
        0.8883128,
        0.8604843,
        0.7554105,
        0.64174026
    ],
    "best_conf": [
        0.6243601952280317,
        0.7934661656618118,
        0.9031072553061438,
        0.9424965735753978,
        0.9422932189923746,
        0.9430461970271824,
        0.8603997071456296,
        0.7242744601134098,
        0.5159855499749876
    ],
    "best_exit_prob": [
        0.0014,
        0.0008,
        0.0762,
        0.2114,
        0.1728,
        0.2224,
        0.1244,
        0.0858,
        0.1048
    ]
}